Date,Symbol,Price,LongTraderNumber,LongLotNumber,LongAverageEntry,ShortTraderNumber,ShortLotNumber,ShortAverageEntry
2019/06/19 10:18:07,EURCHF,1.11871,57,15.1,1.1281,37,2.4,1.1209
2019/06/19 10:18:35,GBPJPY,136.197,187,46.6,139.68,83,9.0,137.84
2019/06/19 10:19:02,USDMXN,19.1213,6,0.2,19.5314,3,0.2,19.1131
2019/06/19 10:19:30,EURGBP,0.89154,37,5.0,0.8701,163,45.4,0.8813
2019/06/19 10:19:58,EURUSD,1.12038,320,142.0,1.1293,316,116.6,1.1193
2019/06/19 10:20:27,GBPCAD,1.6809,65,28.2,1.706,30,3.5,1.69
2019/06/19 10:20:54,CADJPY,81.01899999999998,66,11.9,82.22,43,8.1,81.27
2019/06/19 10:21:23,CHFJPY,108.53,36,2.9,110.43,36,3.4,109.55
2019/06/19 10:21:50,USDCHF,0.99846,79,28.8,1.0076,82,12.8,0.9937
2019/06/19 10:22:18,USDJPY,108.384,204,52.4,109.76,108,25.4,108.72
2019/06/19 10:22:45,EURJPY,121.44,108,15.3,123.21,94,9.5,121.98
2019/06/19 10:23:12,EURCAD,1.49885,49,5.9,1.5033,41,2.1,1.4952
2019/06/19 10:23:40,GBPUSD,1.25679,281,132.4,1.2802,161,26.1,1.2647
2019/06/19 10:24:09,USDCAD,1.33777,96,24.7,1.3391,143,67.6,1.328
2019/06/19 16:22:32,EURCHF,1.1173799999999998,57,15.6,1.1278,35,1.1,1.1226
2019/06/19 16:23:00,GBPJPY,136.87,189,46.8,139.68,70,9.5,137.86
2019/06/19 16:23:28,USDMXN,19.17253,7,0.2,19.494,2,0.1,19.111
2019/06/19 16:23:56,EURGBP,0.88839,43,9.2,0.8784,159,42.0,0.8804
2019/06/19 16:24:24,EURUSD,1.12127,333,130.2,1.1302,321,147.1,1.12
2019/06/19 16:24:51,GBPCAD,1.6859099999999998,64,23.7,1.709,28,2.7,1.6931
2019/06/19 16:25:20,CADJPY,81.167,66,12.6,82.16,45,8.4,81.27
2019/06/19 16:25:46,CHFJPY,108.803,38,3.9,110.0,33,3.1,109.66
2019/06/19 16:26:14,USDCHF,0.9963299999999999,72,28.9,1.0075,85,12.4,0.9933
2019/06/19 16:26:43,USDJPY,108.418,201,52.8,109.75,123,28.2,108.69
2019/06/19 16:27:10,EURJPY,121.575,113,11.8,123.52,91,9.6,121.98
2019/06/19 16:27:37,EURCAD,1.49786,46,5.9,1.5032,40,3.0,1.4949
2019/06/19 16:28:06,GBPUSD,1.2624,263,127.1,1.2812,150,29.2,1.2646
2019/06/19 16:28:34,USDCAD,1.33572,91,18.4,1.3389,147,88.6,1.3297
2019/06/20 08:51:12,EURCHF,1.11555,59,16.0,1.1273,23,3.2,1.1171
2019/06/20 08:51:41,GBPJPY,136.64700000000002,189,48.1,139.62,74,8.8,137.96
2019/06/20 08:52:10,USDMXN,18.98343,5,0.2,19.5932,1,0.0,18.9732
2019/06/20 08:52:39,EURGBP,0.88813,46,8.7,0.8776,159,41.7,0.8802
2019/06/20 08:53:10,EURUSD,1.12731,286,120.7,1.1311,311,225.9,1.1221
2019/06/20 08:53:37,GBPCAD,1.67861,62,25.6,1.7066,26,2.9,1.6923
2019/06/20 08:54:05,CADJPY,81.388,65,11.5,82.28,45,9.2,81.27
2019/06/20 08:54:32,CHFJPY,108.777,37,2.9,110.4,30,3.4,109.56
2019/06/20 08:55:01,USDCHF,0.98918,64,28.9,1.0074,61,15.1,0.9927
2019/06/20 08:55:32,USDJPY,107.622,193,61.3,109.44,104,8.9,109.48
2019/06/20 08:55:59,EURJPY,121.33,118,12.9,123.34,85,7.4,122.1
2019/06/20 08:56:27,EURCAD,1.49104,51,9.6,1.5002,39,3.7,1.4933
2019/06/20 08:56:55,GBPUSD,1.2697100000000001,226,119.4,1.2829,150,19.2,1.2673
2019/06/20 08:57:23,USDCAD,1.32212,96,24.9,1.3342,100,55.9,1.3262
2019/06/20 21:59:13,EURCHF,1.10784,55,18.7,1.1247,20,0.5,1.1253
2019/06/20 21:59:40,GBPJPY,136.372,174,43.8,139.97,90,12.0,138.06
2019/06/20 22:00:07,USDMXN,19.00137,5,0.2,19.534,2,0.0,18.9454
2019/06/20 22:00:35,EURGBP,0.88866,41,6.5,0.8743,151,43.4,0.8805
2019/06/20 22:01:02,EURUSD,1.1289200000000001,257,132.3,1.1317,305,246.8,1.1234
2019/06/20 22:01:29,GBPCAD,1.67565,58,26.0,1.7063,21,2.5,1.6884
2019/06/20 22:01:57,CADJPY,81.366,50,10.0,82.45,40,9.0,81.28
2019/06/20 22:02:24,CHFJPY,109.361,27,2.3,110.79,25,2.5,110.11
2019/06/20 22:02:52,USDCHF,0.98145,81,36.2,1.0019,47,7.9,0.991
2019/06/20 22:03:19,USDJPY,107.337,194,71.1,109.15,92,9.9,109.2
2019/06/20 22:03:46,EURJPY,121.17200000000001,118,12.5,123.36,67,5.6,122.25
2019/06/20 22:04:13,EURCAD,1.48934,46,7.7,1.5008,37,4.4,1.4915
2019/06/20 22:04:40,GBPUSD,1.27041,225,110.2,1.2841,165,122.7,1.2694
2019/06/20 22:05:07,USDCAD,1.31924,100,28.2,1.3316,87,13.4,1.3124
2019/06/21 16:32:14,EURCHF,1.11215,50,19.4,1.1243,23,0.8,1.1198
2019/06/21 16:32:42,GBPJPY,136.357,179,44.5,139.88,93,13.6,137.78
2019/06/21 16:33:09,USDMXN,19.0396,5,0.2,19.534,1,0.0,19.0064
2019/06/21 16:33:36,EURGBP,0.89364,39,5.6,0.8715,143,45.5,0.8811
2019/06/21 16:34:04,EURUSD,1.1324299999999998,252,76.7,1.135,318,316.5,1.1254
2019/06/21 16:34:32,GBPCAD,1.6747900000000002,61,27.2,1.7047,19,2.4,1.6880000000000002
2019/06/21 16:34:59,CADJPY,81.42,53,10.5,82.41,46,10.5,81.3
2019/06/21 16:35:25,CHFJPY,109.603,29,2.5,110.7,30,2.4,110.24
2019/06/21 16:35:53,USDCHF,0.98203,90,41.4,0.9993,45,5.3,0.9905
2019/06/21 16:36:21,USDJPY,107.638,191,59.5,109.46,106,13.4,108.7
2019/06/21 16:36:50,EURJPY,121.88799999999999,109,10.0,123.85,69,9.8,122.01
2019/06/21 16:37:17,EURCAD,1.49675,45,6.8,1.5019999999999998,34,2.9,1.4932
2019/06/21 16:37:45,GBPUSD,1.26694,223,113.4,1.2835,151,18.1,1.2679
2019/06/21 16:38:14,USDCAD,1.32175,107,31.9,1.3303,88,15.0,1.3129
2019/06/24 15:17:53,EURCHF,1.10989,53,17.7,1.1256,28,5.3,1.1121
2019/06/24 15:18:21,GBPJPY,136.543,176,38.0,140.5,92,14.5,137.91
2019/06/24 15:18:49,USDMXN,19.1669,4,0.2,19.5952,1,0.0,18.9909
2019/06/24 15:19:16,EURGBP,0.8955700000000001,50,6.1,0.8746,135,37.4,0.8791
2019/06/24 15:19:44,EURUSD,1.1386,232,105.2,1.1396,370,567.5,1.132
2019/06/24 15:20:10,GBPCAD,1.6777099999999998,55,25.0,1.7069999999999999,24,3.8,1.6854
2019/06/24 15:20:37,CADJPY,81.377,50,8.4,82.76,51,7.5,81.41
2019/06/24 15:21:04,CHFJPY,110.198,36,2.6,110.77,36,4.0,110.16
2019/06/24 15:21:31,USDCHF,0.97456,97,66.2,0.9909,50,4.5,0.9864
2019/06/24 15:21:59,USDJPY,107.402,200,61.8,109.36,108,13.2,108.69
2019/06/24 15:22:28,EURJPY,122.277,113,8.8,124.22,91,25.5,122.16
2019/06/24 15:22:55,EURCAD,1.50232,43,6.0,1.5035,39,4.5,1.4962
2019/06/24 15:23:23,GBPUSD,1.27141,209,132.6,1.2822,176,52.8,1.2719
2019/06/24 15:23:51,USDCAD,1.31965,115,25.7,1.3327,112,16.4,1.3127
2019/06/26 08:55:32,EURCHF,1.1090799999999998,55,25.3,1.1207,24,1.8,1.113
2019/06/26 08:56:00,GBPJPY,136.156,164,38.0,140.4,89,14.3,137.66
2019/06/26 08:56:27,USDMXN,19.21536,2,0.2,19.6509,3,0.1,19.1827
2019/06/26 08:56:54,EURGBP,0.8963399999999999,44,4.8,0.8691,153,44.6,0.882
2019/06/26 08:57:22,EURUSD,1.13564,242,93.1,1.1397,365,484.1,1.1324
2019/06/26 08:57:49,GBPCAD,1.66882,60,27.5,1.7037,25,2.0,1.6903
2019/06/26 08:58:17,CADJPY,81.57300000000002,55,9.1,82.65,46,6.6,81.42
2019/06/26 08:58:44,CHFJPY,110.086,25,2.7,110.76,35,4.3,110.21
2019/06/26 08:59:13,USDCHF,0.9759200000000001,99,37.9,0.9998,47,4.5,0.9851
2019/06/26 08:59:40,USDJPY,107.482,192,59.8,109.31,113,18.4,107.98
2019/06/26 09:00:06,EURJPY,122.07799999999999,118,9.7,123.9,83,11.7,122.17
2019/06/26 09:00:32,EURCAD,1.49626,42,4.6,1.5051,43,4.4,1.4954
2019/06/26 09:01:00,GBPUSD,1.26731,239,185.0,1.2793,167,25.3,1.2682
2019/06/26 09:01:27,USDCAD,1.31702,118,28.6,1.3311,103,15.2,1.3104
2019/06/28 08:50:09,EURCHF,1.10889,53,17.2,1.1259,30,1.1,1.1161
2019/06/28 08:50:38,GBPJPY,136.484,183,45.2,139.91,73,11.4,138.11
2019/06/28 08:51:06,USDMXN,19.17676,5,1.6,19.2307,2,0.1,19.0729
2019/06/28 08:51:34,EURGBP,0.89749,41,4.9,0.8698,163,47.7,0.8831
2019/06/28 08:52:04,EURUSD,1.13753,256,100.5,1.1399,373,496.3,1.1331
2019/06/28 08:52:32,GBPCAD,1.65907,67,30.2,1.6989,20,1.7,1.6889
2019/06/28 08:53:00,CADJPY,82.249,47,7.1,83.23,52,9.1,81.64
2019/06/28 08:53:28,CHFJPY,110.453,26,2.6,110.97,32,3.9,110.28
2019/06/28 08:53:54,USDCHF,0.975,100,39.3,0.9993,82,9.9,0.9805
2019/06/28 08:54:22,USDJPY,107.704,196,70.2,109.15,128,17.6,108.13
2019/06/28 08:54:49,EURJPY,122.50399999999999,112,11.6,123.76,88,10.5,122.47
2019/06/28 08:55:15,EURCAD,1.4892,51,15.9,1.4961,29,2.5,1.4948
2019/06/28 08:55:43,GBPUSD,1.26744,252,321.9,1.2919,176,159.8,1.2777
2019/06/28 08:56:11,USDCAD,1.30926,134,46.6,1.3234,86,184.6,1.3195
2019/07/01 10:09:19,EURCHF,1.11364,43,17.3,1.1258,28,1.0,1.1182
2019/07/01 10:09:46,GBPJPY,137.093,171,36.1,140.78,78,19.7,137.84
2019/07/01 10:10:13,USDMXN,19.14786,4,0.2,19.5679,2,0.1,19.1395
2019/07/01 10:10:40,EURGBP,0.89449,42,5.5,0.8728,154,40.3,0.8806
2019/07/01 10:11:09,EURUSD,1.13232,255,199.2,1.135,352,422.0,1.1334
2019/07/01 10:11:36,GBPCAD,1.65788,70,31.9,1.6971,21,2.3,1.6737
2019/07/01 10:12:03,CADJPY,82.695,36,4.6,83.83,52,8.8,81.69
2019/07/01 10:12:30,CHFJPY,110.115,23,2.8,110.91,32,3.6,110.41
2019/07/01 10:12:57,USDCHF,0.98344,97,38.6,0.9997,53,8.2,0.9836
2019/07/01 10:13:23,USDJPY,108.298,164,50.3,109.66,102,28.8,108.33
2019/07/01 10:13:51,EURJPY,122.62700000000001,100,8.0,124.5,77,16.7,122.66
2019/07/01 10:14:17,EURCAD,1.48302,62,27.9,1.492,25,1.6,1.4899
2019/07/01 10:14:45,GBPUSD,1.2657,237,338.4,1.2906,163,153.4,1.2782
2019/07/01 10:15:12,USDCAD,1.3098,170,73.2,1.3189,83,210.7,1.3171
2019/07/02 08:17:45,EURCHF,1.1144399999999999,47,17.6,1.1256,34,1.3,1.1174
2019/07/02 08:18:12,GBPJPY,137.028,185,49.0,139.71,71,16.3,137.83
2019/07/02 08:18:39,USDMXN,19.09283,2,0.2,19.6509,2,0.1,19.1406
2019/07/02 08:19:06,EURGBP,0.89328,49,7.9,0.8787,155,44.7,0.8819
2019/07/02 08:19:35,EURUSD,1.1294,294,204.4,1.1333,309,128.8,1.1271
2019/07/02 08:20:02,GBPCAD,1.65779,73,32.0,1.6967,31,3.1,1.67
2019/07/02 08:20:29,CADJPY,82.641,38,4.7,83.81,61,9.8,81.79
2019/07/02 08:20:56,CHFJPY,109.788,21,1.8,111.2,35,6.0,110.11
2019/07/02 08:21:25,USDCHF,0.98713,88,34.2,1.0022,71,40.1,0.9856
2019/07/02 08:21:54,USDJPY,108.382,163,49.3,109.69,125,83.4,108.32
2019/07/02 08:22:22,EURJPY,122.404,100,7.7,124.36,82,8.5,122.45
2019/07/02 08:22:49,EURCAD,1.48104,75,34.0,1.4902,30,3.3,1.4856
2019/07/02 08:23:18,GBPUSD,1.26415,252,314.0,1.2922,194,158.5,1.2776
2019/07/02 08:23:45,USDCAD,1.31143,171,51.0,1.3216,84,310.7,1.3151
2019/07/02 15:08:05,EURCHF,1.11685,50,17.6,1.1256,34,1.9,1.1176
2019/07/02 15:08:33,GBPJPY,136.674,197,88.2,138.37,76,14.7,137.82
2019/07/02 15:08:59,USDMXN,19.05003,2,0.2,19.6509,4,0.3,19.0813
2019/07/02 15:09:26,EURGBP,0.8942,36,5.5,0.8724,165,45.4,0.8822
2019/07/02 15:09:54,EURUSD,1.12968,285,199.7,1.1334,340,142.3,1.1275
2019/07/02 15:10:20,GBPCAD,1.65777,74,35.7,1.6925,27,1.6,1.679
2019/07/02 15:10:46,CADJPY,82.436,40,5.0,83.73,63,12.0,81.93
2019/07/02 15:11:13,CHFJPY,109.437,23,2.1,110.99,34,5.2,110.13
2019/07/02 15:11:39,USDCHF,0.9883200000000001,90,34.6,1.0021,70,45.2,0.9859
2019/07/02 15:12:06,USDJPY,108.168,168,51.3,109.64,125,76.9,108.33
2019/07/02 15:12:33,EURJPY,122.20700000000001,105,9.2,123.98,86,13.9,122.36
2019/07/02 15:13:00,EURCAD,1.48237,79,31.8,1.4907,32,1.4,1.4887
2019/07/02 15:13:27,GBPUSD,1.26389,259,314.9,1.2915,193,168.1,1.2766
2019/07/02 15:13:55,USDCAD,1.31219,190,57.3,1.3205,88,313.1,1.3151
2019/07/03 10:21:43,EURCHF,1.11304,49,19.7,1.1242,33,2.0,1.1155
2019/07/03 10:22:11,GBPJPY,135.345,177,60.9,138.59,72,15.1,137.53
2019/07/03 10:22:39,USDMXN,19.08298,2,0.2,19.6509,4,0.1,19.0689
2019/07/03 10:23:07,EURGBP,0.89728,42,5.4,0.8723,176,46.8,0.8833
2019/07/03 10:23:36,EURUSD,1.12788,297,82.1,1.1365,326,96.3,1.1267
2019/07/03 10:24:04,GBPCAD,1.64875,84,37.7,1.6886,23,0.8,1.6853
2019/07/03 10:24:31,CADJPY,82.11200000000002,41,5.0,83.74,63,9.3,81.76
2019/07/03 10:24:59,CHFJPY,109.13,29,3.1,110.42,30,4.6,110.14
2019/07/03 10:25:28,USDCHF,0.9869899999999999,87,34.0,1.0023,80,15.4,0.9856
2019/07/03 10:25:56,USDJPY,107.711,190,69.5,109.11,120,16.8,108.27
2019/07/03 10:26:23,EURJPY,121.491,110,16.9,122.77,97,6.8,122.29
2019/07/03 10:26:52,EURCAD,1.47955,83,44.4,1.4882,25,2.2,1.4848
2019/07/03 10:27:20,GBPUSD,1.12788,261,361.6,1.2861,156,211.3,1.272
2019/07/03 10:27:48,USDCAD,1.31149,197,47.5,1.3224,93,116.1,1.3109
2019/07/04 08:54:07,EURCHF,1.1130799999999998,53,19.6,1.1244,34,1.6,1.1162
2019/07/04 08:54:37,GBPJPY,135.548,184,60.6,138.58,85,22.2,136.7
2019/07/04 08:55:08,USDMXN,19.00398,2,0.2,19.6509,2,0.0,19.0074
2019/07/04 08:55:42,EURGBP,0.8973399999999999,46,6.2,0.8756,179,47.1,0.8835
2019/07/04 08:56:14,EURUSD,1.1284399999999999,326,193.1,1.1318,335,119.4,1.1267
2019/07/04 08:56:44,GBPCAD,1.64353,74,34.2,1.6911,23,0.9,1.6801
2019/07/04 08:57:12,CADJPY,82.463,46,5.1,83.7,60,9.4,81.77
2019/07/04 08:57:39,CHFJPY,109.272,29,3.0,110.45,34,4.9,110.09
2019/07/04 08:58:08,USDCHF,0.98645,94,37.2,1.001,85,15.9,0.9858
2019/07/04 08:58:36,USDJPY,107.8,197,64.0,109.24,124,17.4,108.23
2019/07/04 08:59:04,EURJPY,121.62799999999999,118,9.9,123.59,89,7.2,122.22
2019/07/04 08:59:32,EURCAD,1.475,76,32.3,1.4869,26,1.6,1.4828
2019/07/04 08:59:59,GBPUSD,1.25722,272,411.5,1.2826,168,158.6,1.2771
2019/07/04 09:00:28,USDCAD,1.30728,173,59.9,1.3189,88,268.3,1.3097
2019/07/05 08:59:35,EURCHF,1.1119,56,19.1,1.1239,42,2.7,1.1145
2019/07/05 09:00:04,GBPJPY,135.735,182,57.0,138.76,90,20.4,136.85
2019/07/05 09:00:30,USDMXN,19.01446,2,0.2,19.6509,3,0.0,18.9997
2019/07/05 09:00:58,EURGBP,0.8960799999999999,51,6.4,0.8762,184,58.3,0.8843
2019/07/05 09:01:26,EURUSD,1.1273600000000001,346,227.1,1.1312,316,91.4,1.1262
2019/07/05 09:01:54,GBPCAD,1.64267,77,52.2,1.6743,25,0.8,1.6821
2019/07/05 09:02:23,CADJPY,82.648,46,5.3,83.66,60,8.2,81.68
2019/07/05 09:02:51,CHFJPY,109.404,28,2.7,110.57,27,2.9,110.24
2019/07/05 09:03:19,USDCHF,0.98629,92,36.9,1.0011,94,14.2,0.9856
2019/07/05 09:03:48,USDJPY,107.916,203,68.4,109.15,119,15.3,108.28
2019/07/05 09:04:18,EURJPY,121.662,123,10.5,123.48,103,10.3,122.05
2019/07/05 09:04:47,EURCAD,1.47184,81,32.4,1.4867,29,1.3,1.4773
2019/07/05 09:05:17,GBPUSD,1.2577399999999999,280,390.7,1.2839,168,161.0,1.2768
2019/07/05 09:05:46,USDCAD,1.3057,173,50.5,1.3208,87,260.2,1.3098
2019/07/08 09:33:01,EURCHF,1.1123,51,16.8,1.1255,35,2.1,1.1153
2019/07/08 09:33:31,GBPJPY,135.64,173,52.6,138.69,87,22.4,136.71
2019/07/08 09:33:59,USDMXN,18.97505,2,0.2,19.6509,2,0.0,19.0004
2019/07/08 09:34:29,EURGBP,0.89659,46,5.7,0.8736,179,57.9,0.8845
2019/07/08 09:34:56,EURUSD,1.1227,382,361.2,1.1261,263,79.3,1.1232
2019/07/08 09:35:23,GBPCAD,1.63592,77,38.0,1.685,23,1.0,1.6682
2019/07/08 09:35:52,CADJPY,82.895,41,5.8,83.52,70,61.8,82.74
2019/07/08 09:36:20,CHFJPY,109.315,31,2.2,110.89,39,3.3,110.12
2019/07/08 09:36:48,USDCHF,0.99093,86,35.2,1.0024,90,17.8,0.987
2019/07/08 09:37:16,USDJPY,108.346,174,76.8,109.17,126,17.5,108.4
2019/07/08 09:37:44,EURJPY,121.645,124,11.4,123.41,100,8.3,122.14
2019/07/08 09:38:11,EURCAD,1.46712,93,47.4,1.4787,34,2.1,1.4718
2019/07/08 09:38:40,GBPUSD,1.25197,269,337.2,1.2816,147,149.2,1.2776
2019/07/08 09:39:09,USDCAD,1.30691,155,56.8,1.3196,84,257.6,1.3098
2019/07/09 09:22:49,EURCHF,1.1144399999999999,51,26.7,1.1207,33,2.5,1.1165
2019/07/09 09:23:16,GBPJPY,135.937,176,52.1,138.83,84,15.7,136.76
2019/07/09 09:23:42,USDMXN,18.923370000000002,4,0.2,19.4704,3,0.0,18.9473
2019/07/09 09:24:09,EURGBP,0.89745,47,5.4,0.8725,188,62.0,0.8853
2019/07/09 09:24:37,EURUSD,1.1209799999999999,389,424.8,1.1254,280,70.9,1.1231
2019/07/09 09:25:04,GBPCAD,1.63827,85,37.4,1.6841,24,1.2,1.6615
2019/07/09 09:25:30,CADJPY,82.99600000000002,46,5.3,83.9,68,61.9,82.75
2019/07/09 09:25:57,CHFJPY,109.501,33,2.2,110.9,40,6.1,109.79
2019/07/09 09:26:23,USDCHF,0.9940700000000001,87,35.0,1.0026,88,25.6,0.9891
2019/07/09 09:26:51,USDJPY,108.877,195,47.3,109.67,134,49.1,108.63
2019/07/09 09:27:17,EURJPY,122.069,129,11.3,123.35,92,10.9,122.15
2019/07/09 09:27:43,EURCAD,1.47067,97,41.4,1.4802,36,2.0,1.4721
2019/07/09 09:28:10,GBPUSD,1.24853,289,344.4,1.2806,152,144.9,1.2782
2019/07/09 09:28:38,USDCAD,1.31191,165,62.1,1.3187,84,274.7,1.3097
2019/07/10 11:05:19,EURCHF,1.11239,57,17.0,1.1253,37,2.8,1.1159
2019/07/10 11:05:47,GBPJPY,135.955,169,47.4,139.02,88,17.1,136.61
2019/07/10 11:06:13,USDMXN,19.18025,5,0.2,19.6258,3,0.1,19.1446
2019/07/10 11:06:41,EURGBP,0.89925,51,5.4,0.8726,184,67.6,0.8869
2019/07/10 11:07:09,EURUSD,1.1225,397,394.9,1.1252,277,85.6,1.1227
2019/07/10 11:07:36,GBPCAD,1.63794,91,40.1,1.6808,25,1.9,1.6521
2019/07/10 11:08:05,CADJPY,83.016,50,5.6,83.97,75,12.5,82.13
2019/07/10 11:08:32,CHFJPY,109.902,38,2.5,110.78,35,3.3,110.18
2019/07/10 11:09:00,USDCHF,0.9912,79,34.3,1.0032,107,23.2,0.9884
2019/07/10 11:09:27,USDJPY,108.938,185,37.8,110.01,147,27.8,108.55
2019/07/10 11:09:54,EURJPY,122.287,130,9.5,123.63,95,9.8,122.23
2019/07/10 11:10:21,EURCAD,1.47304,101,48.2,1.4795,34,1.7,1.4729
2019/07/10 11:10:48,GBPUSD,1.2484899999999999,297,257.9,1.2875,145,145.1,1.2779
2019/07/10 11:11:15,USDCAD,1.31229,154,52.3,1.3216,101,113.7,1.3097
2019/07/11 09:08:56,EURCHF,1.11226,48,16.4,1.1256,32,1.4,1.1178
2019/07/11 09:09:25,GBPJPY,135.378,167,45.8,139.07,96,11.2,137.17
2019/07/11 09:09:52,USDMXN,19.10995,5,0.2,19.6094,1,0.0,18.9855
2019/07/11 09:10:20,EURGBP,0.89941,45,5.9,0.8752,189,170.2,0.8943
2019/07/11 09:10:47,EURUSD,1.12716,354,325.7,1.1267,291,118.8,1.1245
2019/07/11 09:11:14,GBPCAD,1.63475,93,39.9,1.681,26,1.1,1.6629
2019/07/11 09:11:41,CADJPY,82.8,42,5.6,83.92,70,10.3,82.01
2019/07/11 09:12:07,CHFJPY,109.473,27,2.3,110.9,41,3.8,110.06
2019/07/11 09:12:34,USDCHF,0.9868600000000001,77,34.2,1.003,112,15.5,0.9866
2019/07/11 09:13:00,USDJPY,108.041,170,94.4,108.83,122,115.2,108.07
2019/07/11 09:13:28,EURJPY,121.773,121,9.9,123.49,95,9.0,122.16
2019/07/11 09:13:55,EURCAD,1.47061,79,31.8,1.4833,37,9.6,1.4748
2019/07/11 09:14:22,GBPUSD,1.25301,295,236.8,1.2911,129,145.5,1.2779
2019/07/11 09:14:49,USDCAD,1.30509,155,38.8,1.324,94,228.5,1.3101
2019/07/12 09:19:13,EURCHF,1.11344,48,16.7,1.1256,30,1.3,1.1181
2019/07/12 09:19:41,GBPJPY,135.97,158,45.4,139.14,95,16.4,136.75
2019/07/12 09:20:08,USDMXN,19.07129,7,0.2,19.5156,2,0.1,19.0365
2019/07/12 09:20:36,EURGBP,0.898,52,8.8,0.8828,192,170.9,0.8939
2019/07/12 09:21:05,EURUSD,1.12687,350,311.0,1.1269,309,116.2,1.1246
2019/07/12 09:21:33,GBPCAD,1.63411,90,41.0,1.6798,29,1.4,1.6596
2019/07/12 09:22:01,CADJPY,83.177,48,5.3,83.94,66,11.5,82.15
2019/07/12 09:23:36,CHFJPY,109.663,30,2.5,110.8,36,5.5,109.91
2019/07/12 09:24:03,USDCHF,0.9876299999999999,81,35.7,1.0025,108,19.5,0.9869
2019/07/12 09:24:31,USDJPY,108.341,184,213.2,108.75,136,172.4,108.07
2019/07/12 09:24:58,EURJPY,122.102,122,7.7,124.01,95,11.3,122.17
2019/07/12 09:25:25,EURCAD,1.46771,82,32.7,1.4828,42,15.8,1.4736
2019/07/12 09:25:53,GBPUSD,1.25462,280,238.4,1.2909,136,149.5,1.2773
2019/07/12 09:26:21,USDCAD,1.30251,153,47.9,1.3202,100,210.5,1.3103
2019/07/15 09:41:51,EURCHF,1.10884,49,17.1,1.125,28,1.7,1.1155
2019/07/15 09:42:19,GBPJPY,135.625,159,47.7,139.15,86,13.1,137.51
2019/07/15 09:42:47,USDMXN,18.95102,7,0.2,19.535,3,0.1,19.0218
2019/07/15 09:43:16,EURGBP,0.89789,55,9.3,0.8831,178,63.4,0.8859999999999999
2019/07/15 09:43:45,EURUSD,1.12804,349,302.2,1.127,319,124.5,1.1248
2019/07/15 09:44:14,GBPCAD,1.63619,84,42.4,1.6799,27,1.4,1.6585
2019/07/15 09:44:42,CADJPY,82.88,42,3.6,84.47,60,12.9,82.2
2019/07/15 09:45:09,CHFJPY,109.78,32,2.3,110.9,35,9.5,109.8
2019/07/15 09:45:37,USDCHF,0.98331,77,35.1,1.0025,112,27.8,0.9854
2019/07/15 09:46:05,USDJPY,107.956,180,65.2,109.22,128,166.4,108.0
2019/07/15 09:46:33,EURJPY,121.79299999999999,115,11.1,123.31,92,10.6,122.07
2019/07/15 09:47:00,EURCAD,1.4691299999999998,88,34.4,1.4819,42,19.4,1.4724
2019/07/15 09:47:29,GBPUSD,1.25635,255,242.5,1.2906,137,150.7,1.2772
2019/07/15 09:47:57,USDCAD,1.3024,161,74.9,1.3142,102,335.8,1.3076
2019/07/16 09:00:09,EURCHF,1.1077299999999999,51,17.2,1.1249,29,1.4,1.1101
2019/07/16 09:00:38,GBPJPY,135.029,191,58.6,138.37,87,17.7,136.74
2019/07/16 09:01:06,USDMXN,18.98957,7,0.2,19.4831,3,0.1,19.0218
2019/07/16 09:01:35,EURGBP,0.90087,42,4.8,0.8788,204,124.5,0.8923
2019/07/16 09:02:04,EURUSD,1.1257,360,323.6,1.1269,335,109.1,1.1244
2019/07/16 09:02:33,GBPCAD,1.63099,93,44.6,1.6773,32,1.8,1.6524
2019/07/16 09:03:00,CADJPY,82.781,42,3.5,84.53,69,14.7,82.42
2019/07/16 09:03:28,CHFJPY,109.813,33,2.3,110.85,33,2.3,110.38
2019/07/16 09:03:56,USDCHF,0.98375,80,33.6,1.0033,115,22.8,0.9852
2019/07/16 09:04:24,USDJPY,108.037,193,63.0,109.26,136,168.7,107.99
2019/07/16 09:04:53,EURJPY,121.611,120,12.1,123.13,87,8.7,122.1
2019/07/16 09:05:21,EURCAD,1.46908,83,33.6,1.4822,47,22.3,1.4721
2019/07/16 09:05:49,GBPUSD,1.2493299999999998,267,289.7,1.2848,156,146.7,1.2777
2019/07/16 09:06:18,USDCAD,1.30523,171,44.2,1.3216,105,338.3,1.3076
2019/07/17 09:42:07,EURCHF,1.10779,52,18.4,1.1238,34,2.7,1.1088
2019/07/17 09:42:35,GBPJPY,134.144,176,54.9,138.01,74,25.7,135.66
2019/07/17 09:43:03,USDMXN,19.11297,7,0.2,19.4333,5,0.2,19.0683
2019/07/17 09:43:31,EURGBP,0.90409,45,6.0,0.8852,188,89.5,0.8905
2019/07/17 09:44:00,EURUSD,1.12074,365,215.8,1.1283,279,71.5,1.1231
2019/07/17 09:44:28,GBPCAD,1.61936,83,36.0,1.6816,26,1.9,1.6425
2019/07/17 09:44:55,CADJPY,82.811,46,6.1,83.85,62,16.1,82.49
2019/07/17 09:45:22,CHFJPY,109.457,28,2.6,110.72,35,4.6,109.93
2019/07/17 09:45:51,USDCHF,0.9884299999999999,92,36.1,1.0023,96,15.8,0.9869
2019/07/17 09:46:19,USDJPY,108.204,195,68.4,109.22,121,68.3,108.18
2019/07/17 09:46:48,EURJPY,121.26899999999999,114,23.4,122.24,82,6.3,122.18
2019/07/17 09:47:16,EURCAD,1.46419,75,33.4,1.4821,37,3.4,1.4696
2019/07/17 09:47:45,GBPUSD,1.23914,254,307.8,1.2797,143,150.1,1.2763
2019/07/17 09:48:11,USDCAD,1.30652,155,45.4,1.321,91,11.5,1.3014
2019/07/23 22:45:31,EURCHF,1.09827,64,23.5,1.1161,30,1.0,1.1059
2019/07/23 22:46:05,GBPJPY,134.575,164,31.5,139.47,76,13.9,136.86
2019/07/23 22:46:36,USDMXN,19.16924,8,0.3,19.3617,5,0.7,19.1178
2019/07/23 22:47:07,EURGBP,0.8962200000000001,46,5.8,0.882,164,58.5,0.8853
2019/07/23 22:47:38,EURUSD,1.11503,390,377.2,1.1227,214,57.8,1.1201
2019/07/23 22:48:07,GBPCAD,1.63407,64,35.0,1.6832,33,4.4,1.6375
2019/07/23 22:48:36,CADJPY,82.35600000000002,47,9.4,83.18,67,16.0,82.62
2019/07/23 22:49:07,CHFJPY,109.832,25,2.2,110.94,28,2.5,110.39
2019/07/23 22:49:37,USDCHF,0.98506,84,34.4,1.0028,97,8.6,0.9861
2019/07/23 22:50:06,USDJPY,108.203,174,48.0,109.64,140,95.2,108.02
2019/07/23 22:50:36,EURJPY,120.646,128,18.2,122.01,71,4.8,122.12
2019/07/23 22:51:06,EURCAD,1.46488,78,37.3,1.4807,30,11.1,1.4698
2019/07/23 22:51:36,GBPUSD,1.2437799999999999,245,94.6,1.2644,152,13.2,1.2525
2019/07/23 22:52:06,USDCAD,1.31371,124,30.2,1.3261,115,34.1,1.3090000000000002
2019/07/25 07:19:49,EURCHF,1.09681,69,28.4,1.1127,36,1.2,1.1045
2019/07/25 07:20:19,GBPJPY,134.856,167,36.2,138.87,80,11.5,137.17
2019/07/25 07:20:47,USDMXN,19.07137,8,0.3,19.3917,2,0.0,18.963
2019/07/25 07:21:15,EURGBP,0.8923700000000001,56,9.6,0.8861,158,44.9,0.8854
2019/07/25 07:21:44,EURUSD,1.11341,447,421.8,1.1215,229,50.3,1.1185
2019/07/25 07:22:12,GBPCAD,1.6386900000000002,64,25.4,1.6794,39,6.0,1.6381
2019/07/25 07:22:42,CADJPY,82.27600000000002,48,9.9,83.14,65,13.9,82.57
2019/07/25 07:23:09,CHFJPY,109.714,22,2.3,110.92,28,2.4,110.39
2019/07/25 07:23:39,USDCHF,0.98503,84,35.2,1.0024,97,9.8,0.9861
2019/07/25 07:24:07,USDJPY,108.082,184,52.1,109.52,161,92.5,108.01
2019/07/25 07:24:36,EURJPY,120.34700000000001,135,26.4,121.53,75,6.0,121.69
2019/07/25 07:25:03,EURCAD,1.46251,85,46.1,1.4774,29,14.6,1.4683
2019/07/25 07:25:33,GBPUSD,1.24758,255,121.6,1.2615,146,18.0,1.2512
2019/07/25 07:26:04,USDCAD,1.31368,129,39.7,1.3223,140,66.4,1.3112
2019/07/30 13:35:49,EURCHF,1.10456,47,16.9,1.1255,40,3.3,1.118
2019/07/30 13:36:28,GBPJPY,132.113,146,34.7,137.94,68,16.1,134.89
2019/07/30 13:37:01,USDMXN,19.06264,8,3.2,19.119,3,0.1,19.0025
2019/07/30 13:37:34,EURGBP,0.91693,35,5.4,0.889,155,43.3,0.8931
2019/07/30 13:38:10,EURUSD,1.11545,402,382.7,1.1216,237,77.8,1.1167
2019/07/30 13:38:43,GBPCAD,1.60037,53,19.4,1.6719,29,3.6,1.6199
2019/07/30 13:39:19,CADJPY,82.54799999999999,46,5.4,83.73,46,5.1,82.53
2019/07/30 13:39:53,CHFJPY,109.669,22,1.7,111.18,28,3.2,110.15
2019/07/30 13:42:07,USDCHF,0.9902799999999999,159,58.9,109.57,147,119.4,108.14
2019/07/30 13:42:41,USDJPY,108.614,159,58.9,109.57,147,119.4,108.14
2019/07/30 13:43:13,EURJPY,121.15700000000001,123,14.4,122.2,72,10.0,121.4
2019/07/30 13:43:47,EURCAD,1.46741,71,33.2,1.4808,36,14.2,1.4669
2019/07/30 13:44:27,GBPUSD,1.2161600000000001,252,149.4,1.2493,134,43.9,1.2245
2019/07/30 13:45:00,USDCAD,1.31554,114,26.9,1.325,134,53.2,1.3119999999999998
2019/07/31 06:50:25,EURCHF,1.10425,45,16.8,1.1258,46,7.8,1.1102
2019/07/31 06:50:58,GBPJPY,132.186,149,40.4,136.91,80,9.9,135.9
2019/07/31 06:51:25,USDMXN,19.022,6,0.3,19.4145,3,0.1,19.0025
2019/07/31 06:51:58,EURGBP,0.91529,43,5.4,0.8894,158,40.2,0.8947
2019/07/31 07:10:12,EURCHF,1.10355,44,16.4,1.1262,46,7.8,1.1102
2019/07/31 07:10:45,GBPJPY,132.143,148,40.3,136.92,80,10.0,135.86
2019/07/31 07:11:12,USDMXN,19.02291,6,0.3,19.4145,3,0.1,19.0025
2019/07/31 07:11:43,EURGBP,0.91583,42,5.4,0.8894,156,40.3,0.8948
2019/07/31 07:12:12,EURUSD,1.1149200000000001,405,383.4,1.1216,248,77.1,1.117
2019/07/31 07:12:40,GBPCAD,1.60044,54,17.9,1.6579,21,2.5,1.6188
2019/07/31 07:13:07,CADJPY,82.56299999999997,47,5.5,83.75,51,5.6,82.58
2019/07/31 07:13:38,CHFJPY,109.673,22,1.9,111.02,28,2.5,110.3
2019/07/31 07:14:12,USDCHF,0.98964,80,28.2,1.0026,114,41.8,0.9897
2019/07/31 07:14:41,USDJPY,108.565,160,45.6,109.79,149,107.5,108.09
2019/07/31 07:15:10,EURJPY,121.04299999999999,123,13.7,122.26,86,9.2,121.44
2019/07/31 07:15:42,EURCAD,1.46627,73,34.2,1.4804,40,13.3,1.4669
2019/07/31 07:16:14,GBPUSD,1.21715,265,149.5,1.2491,140,71.4,1.2208
2019/07/31 07:16:46,USDCAD,1.31491,109,22.5,1.3257,140,67.0,1.3122
